<?xml version="1.0" encoding="UTF-8" standalone="yes"?>
<securePass>
    <users>
        <userId>jerin</userId>
        <password>nr2x97CF8nj50hCr4Th28w==</password>
        <passwordHash>91d1bd15447359191cfa23a9b8e8e669ad03d577c801b60dc3f16ca1586d2203</passwordHash>
        <firstName>Jerin</firstName>
        <lastName>Joseph</lastName>
        <passPhrase>A9xHIyQEWGdmzRL7YTgDJQ==</passPhrase>
        <failedPasswordAttempts>0</failedPasswordAttempts>
        <passwordTampered>true</passwordTampered>
        <sites>
            <id>1</id>
            <site>Facebook</site>
            <userId>jerin@email.com</userId>
            <password>YtOjmoA34Jc30xCmmxTJCg==</password>
            <passwordHash>c478542681bf4909cecc237e68d55db804073f26f90ad0fac0bf94cd4e6b739d</passwordHash>
            <passwordTampered>false</passwordTampered>
            <attributeList>
                <attributeName>Group Name</attributeName>
                <attributeValue>gqHy/MbQSCEiiiT7rLt5Fw==</attributeValue>
            </attributeList>
            <attributeList>
                <attributeName>Created Date</attributeName>
                <attributeValue>1vJIn6xuyRaQFJQbQd/KSQ==</attributeValue>
            </attributeList>
        </sites>
    </users>
    <users>
        <userId>asdf</userId>
        <password>xn7V4nmgT02PcX1Ui7MfWg==</password>
        <passwordHash>f0e4c2f76c58916ec258f246851bea091d14d4247a2fc3e18694461b1816e13b</passwordHash>
        <firstName>asdf</firstName>
        <lastName>asdf</lastName>
        <passPhrase>xn7V4nmgT02PcX1Ui7MfWg==</passPhrase>
        <failedPasswordAttempts>0</failedPasswordAttempts>
        <passwordTampered>true</passwordTampered>
    </users>
    <users>
        <userId>zxcv</userId>
        <password>0Lo3S3Nsb37CY1J7/ZIYoA==</password>
        <passwordHash>7020e57625b6a6695ffd51ed494fbfc56c699eaceca4e77bf7ea590c7ebf3879</passwordHash>
        <firstName>zxcv</firstName>
        <lastName>zxvv</lastName>
        <passPhrase>0Lo3S3Nsb37CY1J7/ZIYoA==</passPhrase>
        <failedPasswordAttempts>0</failedPasswordAttempts>
        <passwordTampered>true</passwordTampered>
    </users>
    <users>
        <userId>demo</userId>
        <password>VgyrICwsA5QqiKU/eX7Zhw==</password>
        <passwordHash>2a97516c354b68848cdbd8f54a226a0a55b21ed138e207ad6c5cbb9c00aa5aea</passwordHash>
        <firstName>demo</firstName>
        <lastName>demo</lastName>
        <passPhrase>VgyrICwsA5QqiKU/eX7Zhw==</passPhrase>
        <failedPasswordAttempts>0</failedPasswordAttempts>
        <passwordTampered>true</passwordTampered>
    </users>
</securePass>
