<?xml version="1.0" encoding="UTF-8" standalone="yes"?>
<securePass>
    <users>
        <userId>jerinj</userId>
        <password>/jfRwNmpxF89tqbfnex4Tw==</password>
        <passwordHash>a02e6724fc128cd9d6d2e7fc1a6b945b870cfe21daeca7835d8fa7af196b0896</passwordHash>
        <firstName>Jerin</firstName>
        <lastName>Joseph</lastName>
        <passPhrase>jerinPassPhrase</passPhrase>
        <failedPasswordAttempts>0</failedPasswordAttempts>
        <passwordTampered>true</passwordTampered>
        <sites>
            <id>1</id>
            <site>Amazon</site>
            <userId>amzUser</userId>
            <password>amzPass</password>
            <passwordTampered>false</passwordTampered>
            <attributeList>
                <attributeName>ATM PIN</attributeName>
                <attributeValue>1122</attributeValue>
            </attributeList>
            <attributeList>
                <attributeName>Customer Care No</attributeName>
                <attributeValue>888-232-8757</attributeValue>
            </attributeList>
            <attributeList>
                <attributeName>Pass Phrase</attributeName>
                <attributeValue>Spell it out!</attributeValue>
            </attributeList>
        </sites>
        <sites>
            <id>2</id>
            <site>Yahoo</site>
            <userId>yahUser</userId>
            <password>yahPass</password>
            <passwordTampered>false</passwordTampered>
            <attributeList>
                <attributeName>ATM PIN</attributeName>
                <attributeValue>1122</attributeValue>
            </attributeList>
            <attributeList>
                <attributeName>Customer Care No</attributeName>
                <attributeValue>888-232-8757</attributeValue>
            </attributeList>
            <attributeList>
                <attributeName>Pass Phrase</attributeName>
                <attributeValue>Spell it out!</attributeValue>
            </attributeList>
        </sites>
        <sites>
            <id>3</id>
            <site>Gmail</site>
            <userId>gmlUser</userId>
            <password>gmlPass</password>
            <passwordTampered>false</passwordTampered>
            <attributeList>
                <attributeName>ATM PIN</attributeName>
                <attributeValue>1122</attributeValue>
            </attributeList>
            <attributeList>
                <attributeName>Customer Care No</attributeName>
                <attributeValue>888-232-8757</attributeValue>
            </attributeList>
            <attributeList>
                <attributeName>Pass Phrase</attributeName>
                <attributeValue>Spell it out!</attributeValue>
            </attributeList>
        </sites>
        <sites>
            <id>4</id>
            <site>Outlook</site>
            <userId>outUser</userId>
            <password>outPass</password>
            <passwordTampered>false</passwordTampered>
            <attributeList>
                <attributeName>ATM PIN</attributeName>
                <attributeValue>1122</attributeValue>
            </attributeList>
            <attributeList>
                <attributeName>Customer Care No</attributeName>
                <attributeValue>888-232-8757</attributeValue>
            </attributeList>
            <attributeList>
                <attributeName>Pass Phrase</attributeName>
                <attributeValue>Spell it out!</attributeValue>
            </attributeList>
        </sites>
        <sites>
            <id>5</id>
            <site>BOA</site>
            <userId>boaUser</userId>
            <password>boaPass</password>
            <passwordTampered>false</passwordTampered>
            <attributeList>
                <attributeName>ATM PIN</attributeName>
                <attributeValue>1122</attributeValue>
            </attributeList>
            <attributeList>
                <attributeName>Customer Care No</attributeName>
                <attributeValue>888-232-8757</attributeValue>
            </attributeList>
            <attributeList>
                <attributeName>Pass Phrase</attributeName>
                <attributeValue>Spell it out!</attributeValue>
            </attributeList>
        </sites>
    </users>
    <users>
        <userId>johns</userId>
        <password>/AS7jpVECgw2qCblK3tbOg==</password>
        <passwordHash>337ff044511071b56bc5ea5e4320fc35d33a391b4d27afb7d91aef77ac71bdb6</passwordHash>
        <firstName>John</firstName>
        <lastName>Smith</lastName>
        <passPhrase>johnPassPhrase</passPhrase>
        <failedPasswordAttempts>0</failedPasswordAttempts>
        <passwordTampered>true</passwordTampered>
        <lastFailedAttempt>2020-07-08 18:09:37</lastFailedAttempt>
        <sites>
            <id>1</id>
            <site>Amazon</site>
            <userId>amzUser</userId>
            <password>amzPass</password>
            <passwordTampered>false</passwordTampered>
            <attributeList>
                <attributeName>ATM PIN</attributeName>
                <attributeValue>1122</attributeValue>
            </attributeList>
            <attributeList>
                <attributeName>Customer Care No</attributeName>
                <attributeValue>888-232-8757</attributeValue>
            </attributeList>
            <attributeList>
                <attributeName>Pass Phrase</attributeName>
                <attributeValue>Spell it out!</attributeValue>
            </attributeList>
        </sites>
        <sites>
            <id>2</id>
            <site>Yahoo</site>
            <userId>yahUser</userId>
            <password>yahPass</password>
            <passwordTampered>false</passwordTampered>
            <attributeList>
                <attributeName>ATM PIN</attributeName>
                <attributeValue>1122</attributeValue>
            </attributeList>
            <attributeList>
                <attributeName>Customer Care No</attributeName>
                <attributeValue>888-232-8757</attributeValue>
            </attributeList>
            <attributeList>
                <attributeName>Pass Phrase</attributeName>
                <attributeValue>Spell it out!</attributeValue>
            </attributeList>
        </sites>
        <sites>
            <id>3</id>
            <site>Gmail</site>
            <userId>gmlUser</userId>
            <password>gmlPass</password>
            <passwordTampered>false</passwordTampered>
            <attributeList>
                <attributeName>ATM PIN</attributeName>
                <attributeValue>1122</attributeValue>
            </attributeList>
            <attributeList>
                <attributeName>Customer Care No</attributeName>
                <attributeValue>888-232-8757</attributeValue>
            </attributeList>
            <attributeList>
                <attributeName>Pass Phrase</attributeName>
                <attributeValue>Spell it out!</attributeValue>
            </attributeList>
        </sites>
        <sites>
            <id>4</id>
            <site>Outlook</site>
            <userId>outUser</userId>
            <password>outPass</password>
            <passwordTampered>false</passwordTampered>
            <attributeList>
                <attributeName>ATM PIN</attributeName>
                <attributeValue>1122</attributeValue>
            </attributeList>
            <attributeList>
                <attributeName>Customer Care No</attributeName>
                <attributeValue>888-232-8757</attributeValue>
            </attributeList>
            <attributeList>
                <attributeName>Pass Phrase</attributeName>
                <attributeValue>Spell it out!</attributeValue>
            </attributeList>
        </sites>
        <sites>
            <id>5</id>
            <site>BOA</site>
            <userId>boaUser</userId>
            <password>boaPass</password>
            <passwordTampered>false</passwordTampered>
            <attributeList>
                <attributeName>ATM PIN</attributeName>
                <attributeValue>1122</attributeValue>
            </attributeList>
            <attributeList>
                <attributeName>Customer Care No</attributeName>
                <attributeValue>888-232-8757</attributeValue>
            </attributeList>
            <attributeList>
                <attributeName>Pass Phrase</attributeName>
                <attributeValue>Spell it out!</attributeValue>
            </attributeList>
        </sites>
    </users>
    <users>
        <userId>demo</userId>
        <password>VgyrICwsA5QqiKU/eX7Zhw==</password>
        <passwordHash>2a97516c354b68848cdbd8f54a226a0a55b21ed138e207ad6c5cbb9c00aa5aea</passwordHash>
        <firstName>Demo</firstName>
        <lastName>User</lastName>
        <passPhrase>VgyrICwsA5QqiKU/eX7Zhw==</passPhrase>
        <failedPasswordAttempts>0</failedPasswordAttempts>
        <passwordTampered>true</passwordTampered>
        <sites>
            <id>1</id>
            <site>Amazon</site>
            <userId>amzUser</userId>
            <password>amzPass1</password>
            <passwordTampered>false</passwordTampered>
            <attributeList>
                <attributeName>ATM PIN</attributeName>
                <attributeValue>1122</attributeValue>
            </attributeList>
            <attributeList>
                <attributeName>Customer Care No</attributeName>
                <attributeValue>888-232-8757</attributeValue>
            </attributeList>
            <attributeList>
                <attributeName>Pass Phrase</attributeName>
                <attributeValue>Spell it out!</attributeValue>
            </attributeList>
            <attributeList>
                <attributeName></attributeName>
                <attributeValue></attributeValue>
            </attributeList>
            <attributeList>
                <attributeName></attributeName>
                <attributeValue></attributeValue>
            </attributeList>
            <attributeList>
                <attributeName></attributeName>
                <attributeValue></attributeValue>
            </attributeList>
            <attributeList>
                <attributeName></attributeName>
                <attributeValue></attributeValue>
            </attributeList>
            <attributeList>
                <attributeName></attributeName>
                <attributeValue></attributeValue>
            </attributeList>
            <attributeList>
                <attributeName></attributeName>
                <attributeValue></attributeValue>
            </attributeList>
            <attributeList>
                <attributeName></attributeName>
                <attributeValue></attributeValue>
            </attributeList>
        </sites>
        <sites>
            <id>2</id>
            <site>Facebook</site>
            <userId>faceId</userId>
            <password>facePass#2</password>
            <passwordTampered>false</passwordTampered>
            <attributeList>
                <attributeName>No of Friends</attributeName>
                <attributeValue>32</attributeValue>
            </attributeList>
            <attributeList>
                <attributeName>My Page Name</attributeName>
                <attributeValue>Comp Security</attributeValue>
            </attributeList>
        </sites>
        <sites>
            <id>3</id>
            <site>UNT</site>
            <userId>jeringj</userId>
            <password>OAyB7Bf86S5pVgiFP4zWyw==</password>
            <passwordTampered>false</passwordTampered>
            <attributeList>
                <attributeName>StudentID</attributeName>
                <attributeValue>123123</attributeValue>
            </attributeList>
        </sites>
        <sites>
            <id>5</id>
            <site>Twitter</site>
            <userId>jerintt</userId>
            <password>B5z/pktNwFRN986GAgpaNg==</password>
            <passwordHash>a60228c0275a8782ade87cecc37a692096c61034a0bd5412190a11134e224fc4</passwordHash>
            <passwordTampered>false</passwordTampered>
            <attributeList>
                <attributeName>handle name</attributeName>
                <attributeValue>jerin jj</attributeValue>
            </attributeList>
        </sites>
        <sites>
            <id>6</id>
            <site>Jammy</site>
            <userId>jerinJam</userId>
            <password>nDCToogNtRiSGIp6fNKp3w==</password>
            <passwordHash>59c181918a0a38b3068ffad3ab9fc846bd5db3dcdc1b78427be540d73b3a0f13</passwordHash>
            <passwordTampered>false</passwordTampered>
            <attributeList>
                <attributeName>Jam ID</attributeName>
                <attributeValue>1212</attributeValue>
            </attributeList>
            <attributeList>
                <attributeName>Jam PIN</attributeName>
                <attributeValue>345234</attributeValue>
            </attributeList>
            <attributeList>
                <attributeName></attributeName>
                <attributeValue></attributeValue>
            </attributeList>
            <attributeList>
                <attributeName></attributeName>
                <attributeValue></attributeValue>
            </attributeList>
            <attributeList>
                <attributeName></attributeName>
                <attributeValue></attributeValue>
            </attributeList>
            <attributeList>
                <attributeName></attributeName>
                <attributeValue></attributeValue>
            </attributeList>
            <attributeList>
                <attributeName></attributeName>
                <attributeValue></attributeValue>
            </attributeList>
            <attributeList>
                <attributeName></attributeName>
                <attributeValue></attributeValue>
            </attributeList>
            <attributeList>
                <attributeName></attributeName>
                <attributeValue></attributeValue>
            </attributeList>
            <attributeList>
                <attributeName></attributeName>
                <attributeValue></attributeValue>
            </attributeList>
        </sites>
        <sites>
            <id>7</id>
            <site>Netflix</site>
            <userId>jerin@net.com</userId>
            <password>tuEiA+ck3wr7fyXwI8Q==</password>
            <passwordHash>a2b542a7c3be177e1e32b917537ba0f532fb2d1c4a1f54d131870081ad265e33</passwordHash>
            <passwordTampered>false</passwordTampered>
            <attributeList>
                <attributeName>Profile</attributeName>
                <attributeValue>JJerin</attributeValue>
            </attributeList>
        </sites>
        <sites>
            <id>8</id>
            <site>Hulu</site>
            <userId>jerinHulu</userId>
            <password>L5JYjLzqpNe++jPlsbQveA==</password>
            <passwordHash>2bce8fe9d88711ba6b18383e9b6068937943bb91d773ba81cbc0886c9909761d</passwordHash>
            <passwordTampered>false</passwordTampered>
            <attributeList>
                <attributeName>Profile</attributeName>
                <attributeValue>234</attributeValue>
            </attributeList>
        </sites>
    </users>
</securePass>
