<?xml version="1.0" encoding="UTF-8"?>
<project xmlns="http://maven.apache.org/POM/4.0.0" xmlns:xsi="http://www.w3.org/2001/XMLSchema-instance" xsi:schemaLocation="http://maven.apache.org/POM/4.0.0 http://maven.apache.org/maven-v4_0_0.xsd">
  <modelVersion>4.0.0</modelVersion>
  <groupId>com.unt.csce5550.jerin.securepass</groupId>
  <artifactId>secure-pass</artifactId>
  <name>Secure Pass</name>
  <version>1.0-RELEASE</version>
  <description>Secure Pass - Password Manager Application buit using JavaFX</description>
  <build>
    <finalName>${project.artifactId}</finalName>
    <plugins>
      <plugin>
        <artifactId>maven-shade-plugin</artifactId>
        <executions>
          <execution>
            <phase>package</phase>
            <goals>
              <goal>shade</goal>
            </goals>
          </execution>
        </executions>
        <configuration>
          <transformers>
            <transformer>
              <mainClass>com.unt.csce5550.jerin.securepass.SecurePassApp</mainClass>
            </transformer>
          </transformers>
        </configuration>
      </plugin>
    </plugins>
  </build>
  <properties>
    <maven.compiler.source>1.8</maven.compiler.source>
    <maven.compiler.target>1.8</maven.compiler.target>
  </properties>
</project>
